,City,Cloudiness,Country,Date,Humidity,Lat,Lng,Max Temp,Wind Speed
0,ribeira do pombal,40,ES,1589062484,93,42.75,-8.44,55.99,2.24
1,yellowknife,20,CA,1589062324,51,62.46,-114.35,35.6,11.41
2,upernavik,100,GL,1589062485,93,72.79,-56.15,20.12,12.59
3,hilo,75,US,1589062485,61,19.73,-155.09,78.8,5.82
4,barentu,86,ER,1589062485,25,15.11,37.59,88.43,3.33
5,turochak,0,RU,1589062486,75,52.26,87.12,42.39,3.18
6,khatanga,10,RU,1589062486,97,71.97,102.5,17.65,7.58
7,lebu,100,CL,1589062486,82,-37.62,-73.65,57.76,18.23
8,ruwi,0,OM,1589062487,42,23.6,58.55,86.0,3.36
9,san policarpo,82,ML,1589062487,23,13.3,-4.9,97.41,5.95
10,srednekolymsk,98,RU,1589062487,91,67.45,153.68,33.82,12.15
11,lisala,100,CD,1589062487,99,2.15,21.52,70.77,1.03
12,stephenville,40,US,1589062487,33,32.22,-98.2,75.2,3.36
13,ushuaia,88,AR,1589062488,87,-54.8,-68.3,44.6,8.05
14,grand gaube,1,US,1589062488,12,38.88,-109.5,75.2,9.17
15,carnarvon,100,AU,1589062488,41,-24.87,113.63,74.97,11.9
16,mar del plata,90,ES,1589062488,100,43.4,-4.01,62.01,2.53
17,bethel,90,US,1589062489,44,41.37,-73.41,42.01,14.99
18,hobart,40,AU,1589062277,80,-42.88,147.33,45.0,5.82
19,ribeira grande,40,ES,1589062489,93,42.75,-8.44,55.99,2.24
20,shache,100,CN,1589062490,60,38.42,77.24,61.29,11.45
21,thompson,75,CA,1589062377,43,55.74,-97.86,35.6,14.99
22,busselton,0,AU,1589062490,75,-33.65,115.33,39.0,3.27
23,souillac,40,MU,1589062490,78,-20.52,57.52,75.2,9.17
24,narrabri,0,AU,1589062490,87,-30.32,149.78,52.0,5.82
25,codrington,86,AU,1589062491,81,-38.27,141.97,46.2,8.43
26,oussouye,46,SN,1589062491,88,12.48,-16.55,77.0,9.17
27,qaanaaq,67,GL,1589062491,86,77.48,-69.36,12.07,3.74
28,bluff,60,NZ,1589062491,74,-46.6,168.33,53.53,10.29
29,torbay,90,CA,1589062492,93,47.67,-52.73,48.0,31.09
30,castro,0,BR,1589062492,84,-24.79,-50.01,54.19,3.6
31,katsuura,81,JP,1589062492,94,35.13,140.3,66.0,8.01
32,vaini,75,TO,1589062492,88,-21.2,-175.2,82.4,13.87
33,kambove,51,CD,1589062492,90,-10.88,26.6,58.91,5.75
34,mahebourg,40,MU,1589062493,78,-20.41,57.7,75.2,9.17
35,norman wells,1,US,1589062201,40,35.22,-97.44,69.01,9.17
36,rikitea,87,PF,1589062493,70,-23.12,-134.97,75.51,3.44
37,santa rosa,12,PH,1589062494,74,17.49,120.43,79.47,3.42
38,grand river south east,1,US,1589062494,12,38.88,-109.5,75.2,9.17
39,ketchikan,1,US,1589062495,22,55.34,-131.65,77.0,17.22
40,haines junction,1,US,1589062495,20,59.23,-135.44,77.0,14.99
41,cape town,75,CL,1589062495,59,-36.41,-71.9,64.4,6.93
42,albany,81,US,1589062203,50,42.6,-73.97,41.0,3.0
43,kapit,100,MY,1589062496,94,2.02,112.93,74.57,0.98
44,barrow,1,US,1589062496,86,71.29,-156.79,28.4,10.29
45,laguna,1,US,1589062496,14,38.42,-121.42,93.0,6.93
46,phangnga,75,TH,1589062497,94,8.45,98.53,78.8,2.73
47,kapaa,40,US,1589062497,65,22.08,-159.32,78.8,16.11
48,krasnyy yar,97,RU,1589062497,81,54.57,31.43,46.49,4.29
49,arraial do cabo,0,BR,1589062497,33,-22.84,-46.65,73.4,3.36
50,butaritari,0,KI,1589062498,81,3.07,172.79,83.12,11.25
51,punta arenas,100,PH,1589062498,87,8.99,125.34,78.1,3.0
52,bondo,98,CD,1589062498,98,3.81,23.69,69.39,0.49
53,airai,100,TL,1589062499,100,-8.93,125.41,56.88,3.6
54,estelle,75,US,1589062499,59,29.85,-90.11,66.99,9.17
55,new norfolk,75,LR,1589062476,94,6.65,-10.59,78.8,2.86
56,bathsheba,75,BB,1589062500,65,13.22,-59.52,82.4,20.8
57,suntar,29,RU,1589062500,79,62.14,117.63,35.89,6.64
58,pevek,100,RU,1589062501,74,69.7,170.31,37.72,12.5
59,husavik,0,IS,1589062501,81,66.04,-17.34,28.4,5.82
60,saint-philippe,20,RE,1589062501,73,-21.36,55.77,69.8,8.05
61,jamestown,90,US,1589062501,69,42.1,-79.24,37.0,19.46
62,victoria,73,HK,1589062470,83,22.29,114.16,82.0,6.13
63,egvekinot,100,RU,1589062502,99,66.32,-179.17,31.75,14.74
64,chokurdakh,47,RU,1589062502,98,70.63,147.92,23.99,4.99
65,ondjiva,59,AO,1589062272,42,-17.07,15.73,68.81,6.15
66,hamilton,1,US,1589062209,30,39.18,-84.53,55.99,10.29
67,narsaq,45,GL,1589062503,23,60.92,-46.05,50.0,23.04
68,mayumba,79,GA,1589062504,88,-3.43,10.66,78.75,4.36
69,maturin,30,VE,1589062505,51,9.75,-63.18,86.14,13.13
70,georgetown,20,MY,1589062271,100,5.41,100.34,80.6,3.36
71,cabo san lucas,40,BR,1589062506,69,-8.28,-35.03,82.4,9.17
72,namie,51,JP,1589062506,98,37.48,141.0,62.01,6.29
73,tasiilaq,100,GL,1589062507,89,65.61,-37.64,32.0,14.99
74,talnakh,75,RU,1589062507,100,69.49,88.4,28.4,17.9
75,zadar,26,HR,1589062507,66,44.12,15.24,51.8,4.7
76,port alfred,13,CD,1589062508,66,-7.03,29.76,73.47,4.05
77,maitum,100,PH,1589062508,76,6.04,124.5,80.62,4.38
78,skjervoy,73,NO,1589062509,78,70.03,20.97,34.81,16.15
79,mestia,99,GE,1589062509,89,43.05,42.73,32.29,1.79
80,honiara,40,SB,1589062510,88,-9.43,159.95,80.6,2.24
81,chuy,80,UY,1589062510,69,-33.7,-53.46,57.42,6.58
82,klaksvik,54,FO,1589062511,68,62.23,-6.59,30.2,17.22
83,villafranca di verona,90,FR,1589062511,82,43.7,7.31,64.4,14.99
84,cherskiy,100,RU,1589062512,78,68.75,161.3,40.19,8.61
85,buala,25,SB,1589062512,76,-8.14,159.59,84.24,5.39
86,portland,75,US,1589062305,23,45.52,-122.68,87.01,17.22
87,lompoc,90,US,1589062224,82,34.64,-120.46,72.0,9.17
88,bridlington,55,GB,1589062513,93,54.08,-0.19,55.0,1.12
89,correntina,81,BR,1589062513,79,-13.34,-44.64,68.07,6.31
90,east london,20,IS,1589062513,63,65.0,-15.0,26.6,8.05
91,benguela,69,AO,1589062514,73,-12.58,13.41,76.82,0.81
92,tharad,0,IN,1589062514,80,24.4,71.63,80.35,8.63
93,mys shmidta,100,RU,1589062515,96,62.06,48.62,44.29,3.4
94,sola,75,VU,1589062515,78,-13.88,167.55,82.4,16.53
95,kaitangata,96,NZ,1589062515,71,-46.28,169.85,52.0,4.0
96,pangnirtung,100,CA,1589062516,93,66.15,-65.71,30.29,6.71
97,bambous virieux,40,MU,1589062516,78,-20.26,57.41,75.2,9.17
98,esperance,0,AU,1589062516,87,-33.87,121.9,46.4,12.75
99,corinto,0,GR,1589062516,61,37.94,22.96,60.01,1.99
100,bengkulu,100,ID,1589062517,89,-3.8,102.27,76.59,4.27
101,kloulklubed,100,PW,1589062517,94,7.04,134.26,77.79,13.04
102,kavieng,2,PG,1589062517,75,-2.57,150.8,84.43,8.75
103,kieta,74,PG,1589062518,77,-6.22,155.63,84.09,6.58
104,bredasdorp,0,ZA,1589062519,87,-34.53,20.04,60.8,2.06
105,innisfail,36,AU,1589062519,89,-17.53,146.03,70.61,5.03
106,yumen,91,CN,1589062519,49,40.28,97.2,44.71,12.97
107,bandarbeyla,0,SO,1589062520,75,9.49,50.81,82.29,8.57
108,aykhal,90,RU,1589062520,100,66.0,111.5,30.2,6.71
109,kirakira,10,SB,1589062520,71,-10.45,161.92,83.57,7.96
110,hofn,78,IS,1589062521,79,64.25,-15.21,32.9,11.52
111,mujiayingzi,0,CN,1589062521,39,42.12,118.78,51.96,9.53
112,itaueira,81,BR,1589062522,84,-7.6,-43.03,75.34,5.77
113,ponta do sol,91,PT,1589062522,96,38.73,-28.27,60.66,19.08
114,vostok,100,RU,1589062522,95,46.49,135.88,44.4,3.65
115,port elizabeth,13,CD,1589062523,66,-7.03,29.76,73.47,4.05
116,cidreira,0,BR,1589062523,80,-30.18,-50.21,63.99,8.41
117,nanortalik,47,GL,1589062523,64,60.14,-45.24,42.08,16.37
118,hay river,97,GB,1589062523,78,52.07,-3.13,61.0,1.7
119,mataura,48,NZ,1589062524,72,-46.19,168.86,51.67,3.91
120,kudahuvadhoo,100,MV,1589062524,77,2.67,72.89,85.12,14.29
121,dunedin,84,NZ,1589062524,95,-45.87,170.5,53.01,3.0
122,xining,49,CN,1589062525,64,36.62,101.77,40.55,2.37
123,sakakah,0,SA,1589062525,35,29.97,40.21,69.8,10.29
124,upata,30,VE,1589062525,48,8.01,-62.4,85.66,9.69
125,tautira,42,PF,1589062526,66,-17.73,-149.15,87.8,5.82
126,wana,0,PK,1589062526,30,32.3,69.57,69.35,2.26
127,sobolevo,70,RU,1589062526,82,54.43,31.9,46.35,4.47
128,phalodi,0,IN,1589062526,32,27.13,72.37,90.36,14.2
129,vila velha,75,PT,1589062527,93,42.03,-8.16,57.0,3.36
130,brownsville,75,US,1589062249,61,25.9,-97.5,80.6,17.22
131,dikson,91,RU,1589062527,97,73.51,80.55,25.52,18.03
132,saldanha,0,ZA,1589062528,62,-33.01,17.94,59.0,2.24
133,puerto ayora,40,ES,1589062528,82,36.59,-6.23,63.0,11.41
134,aklavik,20,CA,1589062528,56,68.22,-135.01,42.8,14.99
135,kabanjahe,40,ID,1589062529,100,3.1,98.49,78.8,1.81
136,belaya gora,30,UA,1589062529,52,49.03,25.77,54.0,1.99
137,provideniya,100,RU,1589062529,78,64.38,-173.3,39.22,30.96
138,bairiki,40,KI,1589062529,74,1.33,172.98,86.0,8.05
139,atoka,26,US,1589062530,45,34.4,-96.02,71.01,4.72
140,ilulissat,100,GL,1589062530,82,69.22,-51.1,32.0,3.36
141,hermanus,0,ZA,1589062530,64,-34.42,19.23,64.99,1.01
142,padang,91,ID,1589062531,70,-0.95,100.35,79.14,3.31
143,sawtell,0,AU,1589062531,87,-30.38,153.1,59.0,2.24
144,kahului,40,US,1589062531,65,20.89,-156.47,78.8,17.22
145,broome,90,US,1589062532,86,42.25,-75.83,34.0,12.75
146,kiunga,76,PG,1589062532,96,-6.12,141.29,75.88,2.06
147,healdsburg,40,US,1589062532,47,38.61,-122.87,80.01,10.29
148,harlingen,40,US,1589062533,61,26.19,-97.7,80.6,17.22
149,rexburg,1,US,1589062533,22,43.83,-111.79,66.0,4.7
150,harper,94,LR,1589062533,86,4.38,-7.72,80.02,10.25
151,mehamn,91,NO,1589062534,90,71.04,27.85,29.8,6.71
152,vardo,81,NO,1589062534,82,70.37,31.11,34.77,2.37
153,amuntai,100,ID,1589062534,96,-2.42,115.25,72.91,2.08
154,poum,0,NC,1589062534,69,-20.23,164.02,75.65,12.19
155,antioch,40,TR,1589062535,63,36.21,36.16,64.4,6.93
156,newport,90,GB,1589062276,79,51.59,-3.0,61.0,5.61
157,nambucca heads,0,AU,1589062535,87,-30.63,152.98,60.01,2.24
158,avarua,12,CK,1589062527,78,-21.21,-159.78,82.4,18.34
159,tuktoyaktuk,40,CA,1589062536,74,69.45,-133.04,35.6,19.46
160,tuatapere,90,NZ,1589062536,78,-46.13,167.68,56.19,7.2
161,omsukchan,100,RU,1589062536,96,62.53,155.8,29.89,11.79
162,kushima,90,JP,1589062537,88,31.46,131.23,69.8,2.24
163,rio grande,0,GR,1589062537,82,38.3,21.78,55.4,3.36
164,nara,75,JP,1589062537,77,34.69,135.8,64.99,5.82
165,namatanai,1,PG,1589062537,72,-3.67,152.43,84.15,4.92
166,sorland,99,NO,1589062537,80,67.67,12.69,33.58,7.67
167,nikolskoye,2,RU,1589062538,60,59.7,30.79,41.0,4.47
168,meinerzhagen,28,DE,1589062538,66,51.12,7.65,64.99,2.86
169,kalmar,31,SE,1589062538,93,56.66,16.36,50.0,1.12
170,yulara,89,AU,1589062377,50,-25.24,130.99,53.6,9.17
171,pisco,10,PE,1589062539,73,-13.7,-76.22,71.6,13.87
172,maniitsoq,93,GL,1589062539,70,65.42,-52.9,40.66,15.39
173,tambopata,61,PE,1589062540,54,-12.73,-69.18,82.4,3.36
174,bodden town,100,GB,1589062540,77,51.2,-2.52,60.01,1.01
175,urengoy,30,RU,1589062540,95,65.97,78.37,31.64,1.92
176,bereda,98,ES,1589062541,1,43.27,-7.54,57.99,0.92
177,bara,72,NG,1589062541,54,10.37,10.73,84.79,6.58
178,hithadhoo,90,MV,1589062541,78,-0.6,73.08,84.49,12.93
179,fort nelson,32,NL,1589062542,71,52.65,6.39,59.0,1.99
180,nanakuli,40,US,1589062542,57,21.39,-158.15,82.4,10.29
181,qingdao,90,CN,1589062542,100,36.1,120.37,60.01,2.24
182,tuy hoa,20,PH,1589062542,74,14.02,120.73,82.4,2.24
183,kaarina,0,FI,1589062543,80,60.41,22.37,30.2,1.12
184,biltine,0,TD,1589062543,11,14.53,20.92,81.59,11.14
185,hell,92,NO,1589062543,74,63.45,10.9,39.99,12.75
186,jalu,22,LY,1589062544,22,29.03,21.55,69.24,6.73
187,longyearbyen,20,SJ,1589062544,66,78.22,15.64,15.8,14.99
188,coihaique,90,CL,1589062544,93,-45.58,-72.07,44.6,2.24
189,kruisfontein,0,ZA,1589062544,71,-34.0,24.73,59.63,4.74
190,solok,89,ID,1589062545,78,-0.79,100.66,71.64,1.81
191,tecoanapa,0,MX,1589062545,55,16.52,-98.75,88.83,13.24
192,rebrikha,0,RU,1589062545,66,53.07,82.34,53.2,10.02
193,vila,75,PT,1589062527,93,42.03,-8.16,57.0,3.36
194,bonfim,67,BR,1589062546,63,3.08,-59.95,84.88,5.48
195,hambantota,100,LK,1589062546,84,6.12,81.12,81.1,6.73
196,palmer,40,US,1589062546,28,42.16,-72.33,43.0,24.16
197,gotsu,96,JP,1589062547,94,35.0,132.22,64.56,13.24
198,bay roberts,75,US,1589062547,23,43.73,-84.02,51.8,20.8
199,kumylzhenskaya,0,RU,1589062547,90,49.88,42.59,46.99,8.1
200,deputatskiy,99,RU,1589062547,99,69.3,139.9,28.38,6.96
201,nome,40,US,1589062264,61,64.5,-165.41,46.4,19.46
202,togur,94,RU,1589062548,62,58.36,82.83,58.01,4.41
203,yei,100,SS,1589062548,95,4.09,30.68,69.4,2.46
204,salalah,0,OM,1589062548,88,17.02,54.09,82.4,2.24
205,sioux lookout,40,US,1589062549,93,42.73,-96.23,50.0,14.99
206,hualmay,48,PE,1589062549,75,-11.1,-77.61,70.07,10.42
207,xuzhou,33,CN,1589062549,88,34.18,117.16,57.4,4.32
208,masakin,20,TN,1589062550,88,35.73,10.58,70.0,11.41
209,barcelos,40,PT,1589062550,93,41.54,-8.62,55.4,5.82
210,mutoko,6,ZW,1589062550,86,-17.4,32.23,52.38,2.89
211,atuona,39,PF,1589062510,79,-9.8,-139.03,80.62,18.23
212,buraydah,75,SA,1589062551,69,26.33,43.98,80.6,16.11
213,chicama,67,PE,1589062551,83,-7.84,-79.15,69.8,13.87
214,talcahuano,90,CL,1589062551,100,-36.72,-73.12,57.2,10.29
215,tiksi,0,RU,1589062551,95,71.69,128.87,19.42,4.18
216,udachnyy,90,RU,1589062552,100,66.42,112.4,30.2,6.71
217,camana,62,PE,1589062552,75,-16.62,-72.71,68.34,5.35
218,bilibino,100,RU,1589062552,82,68.05,166.44,36.45,9.91
219,khandyga,100,RU,1589062326,96,62.67,135.6,32.14,6.2
220,green river,75,US,1589062553,36,40.95,-81.48,46.4,16.11
221,vao,41,NC,1589062553,69,-22.67,167.48,72.61,11.9
222,isangel,20,VU,1589062553,94,-19.55,169.27,73.4,13.82
223,prieska,0,ZA,1589062553,31,-29.66,22.75,61.21,4.76
224,port blair,13,CD,1589062554,66,-7.03,29.76,73.47,4.05
225,pyinmana,0,MM,1589062554,59,19.73,96.22,80.55,3.47
226,arauca,40,CO,1589062554,79,7.08,-70.76,84.2,3.36
227,hoquiam,1,US,1589062555,30,46.98,-123.89,82.99,10.29
228,maldonado,37,UY,1589062555,63,-34.67,-54.92,64.4,6.93
229,strijen,61,NL,1589062555,72,51.75,4.55,64.0,3.0
230,grindavik,20,IS,1589062555,51,63.84,-22.43,39.2,5.82
231,varzea grande,46,PT,1589062556,92,39.52,-8.33,57.99,1.86
232,chulym,0,RU,1589062264,68,55.1,80.96,56.41,4.43
233,kralendijk,4,BQ,1589062556,70,12.15,-68.27,84.2,25.28
234,yamada,94,JP,1589062446,73,39.47,141.95,58.28,4.72
235,leshukonskoye,2,RU,1589062556,91,64.9,45.76,38.34,6.17
236,parana,0,AR,1589062557,47,-31.73,-60.52,68.0,5.01
237,siva,0,EG,1589062557,24,29.2,25.52,69.58,7.74
238,ushtobe,100,KZ,1589062557,64,45.25,77.98,64.08,7.07
239,dargaville,98,NZ,1589062557,71,-35.93,173.88,62.29,7.27
240,vredendal,0,ZA,1589062558,21,-31.67,18.5,73.2,8.77
241,ancud,75,CL,1589062558,87,-41.87,-73.82,51.8,13.87
242,cayenne,75,GF,1589062558,100,4.93,-52.33,77.0,4.7
243,mountain home,75,CO,1589062558,83,13.37,-81.37,84.2,11.41
244,bayshore gardens,1,US,1589062559,27,34.29,-77.79,64.99,12.75
245,lagoa,99,PT,1589062559,91,39.05,-27.98,63.46,23.8
246,sibenik,31,HR,1589062559,67,43.73,15.91,57.99,1.12
247,ampanihy,1,MG,1589062559,82,-24.7,44.75,64.47,9.93
248,rawson,22,AR,1589062360,34,-43.3,-65.1,63.5,10.83
249,saskylakh,100,RU,1589062560,97,71.92,114.08,21.33,13.47
250,sisimiut,98,GL,1589062560,87,66.94,-53.67,37.17,4.63
251,vidim,100,RU,1589062325,81,56.41,103.11,44.87,10.89
252,normandin,75,CA,1589062561,59,48.83,-72.53,33.8,23.04
253,dingle,88,PH,1589062561,84,11.0,122.67,77.68,4.94
254,gat,11,IL,1589062561,77,31.61,34.76,64.99,3.04
255,lasa,20,IT,1589062561,81,46.62,10.7,53.6,4.7
256,kavaratti,18,IN,1589062562,72,10.57,72.64,85.35,9.53
257,delta del tigre,99,NG,1589062533,95,5.5,6.0,77.7,2.95
258,sao joao da barra,13,IN,1589062562,29,20.51,76.21,81.12,8.25
259,tyup,93,KG,1589062562,62,42.73,78.36,49.23,3.15
260,zeya,100,RU,1589062562,60,53.75,127.27,43.0,6.02
261,kaohsiung,20,TW,1589062563,74,22.62,120.31,82.99,4.7
262,salinopolis,57,BR,1589062563,84,-0.61,-47.36,80.13,8.97
263,bataipora,0,BR,1589062563,65,-22.3,-53.27,64.8,4.85
264,tinde,31,TZ,1589062563,77,-3.88,33.2,66.9,6.06
265,kashi,40,CN,1589062564,48,39.45,75.98,62.6,15.66
266,mackay,40,AU,1589062458,100,-21.15,149.2,62.6,3.36
267,muros,42,ES,1589062564,92,42.78,-9.06,55.99,3.0
268,hervey bay,1,US,1589062564,40,33.5,-93.78,69.8,5.82
269,anadyr,90,RU,1589062564,95,64.75,177.48,33.8,60.4
270,namibe,20,AO,1589062565,52,-15.2,12.15,80.73,3.67
271,siavonga,0,ZM,1589062565,63,-16.54,28.71,67.87,5.03
272,fuchu,75,JP,1589062565,82,35.67,139.48,70.0,9.33
273,hobyo,64,SO,1589062566,78,5.35,48.53,83.79,9.24
274,waitati,95,NZ,1589062566,90,-45.75,170.57,53.01,10.0
275,verkhnyaya toyma,1,RU,1589062566,88,60.98,40.21,40.41,3.09
276,sao filipe,13,IN,1589062566,29,20.51,76.21,81.12,8.25
277,miri,75,MY,1589062566,100,4.41,114.01,77.0,2.24
278,surgut,0,RU,1589062567,87,61.25,73.42,53.6,4.14
279,faanui,22,PF,1589062567,79,-16.48,-151.75,81.5,16.98
280,yeniseysk,99,RU,1589062567,89,58.45,92.17,53.19,3.87
281,leningradskiy,100,RU,1589062567,95,69.38,178.42,25.5,8.99
282,clyde river,100,US,1589062568,28,41.3,-82.98,53.01,10.0
283,college,75,US,1589062568,32,64.86,-147.8,69.01,4.7
284,grand-santi,96,GF,1589062568,96,4.25,-54.38,75.52,3.51
285,camacha,75,PT,1589062568,88,33.08,-16.33,64.4,11.41
286,ankazoabo,0,MG,1589062568,74,-22.28,44.52,64.18,4.54
287,lexington,1,US,1589062517,34,37.99,-84.48,55.99,6.93
288,bantry,20,IE,1589062569,76,51.68,-9.45,57.2,6.93
289,japura,86,ID,1589062569,97,-0.32,102.35,74.34,2.19
290,jilin,100,CN,1589062569,82,43.0,126.0,57.07,3.38
291,fomboni,96,KM,1589062570,81,-12.28,43.74,81.25,16.46
292,petropavlovsk-kamchatskiy,0,RU,1589062570,33,53.05,158.65,44.6,20.13
293,ngunguru,100,NZ,1589062571,79,-35.62,174.5,64.99,5.99
294,tarakan,100,ID,1589062571,83,3.3,117.63,80.49,6.11
295,severo-kurilsk,94,RU,1589062571,91,50.68,156.12,33.46,17.81
296,nabire,13,ID,1589062571,85,-3.37,135.48,79.54,2.75
297,leh,94,IN,1589062418,64,34.17,77.58,40.32,3.2
298,jishou,57,CN,1589062572,82,28.32,109.72,60.51,0.83
299,zarubino,100,RU,1589062572,100,42.63,131.09,49.62,1.52
300,palo alto,99,PH,1589062572,89,11.13,124.97,78.35,2.48
301,iqaluit,75,CA,1589062573,69,63.75,-68.51,37.4,9.17
302,luena,87,AO,1589062573,69,-11.78,19.92,63.1,5.68
303,komsomolskiy,31,UZ,1589062573,72,40.43,71.72,62.6,9.17
304,samarai,96,PG,1589062573,81,-10.62,150.67,80.89,14.03
305,darnah,0,LY,1589062573,70,32.77,22.64,62.2,7.76
306,taguatinga,40,BR,1589062574,75,-12.39,-46.57,73.36,6.87
307,hasaki,75,JP,1589062574,88,35.73,140.83,68.0,5.82
308,noumea,90,NC,1589062445,88,-22.28,166.46,73.99,2.24
309,honningsvag,94,NO,1589062575,80,70.98,25.97,35.06,12.62
310,kidal,2,ML,1589062575,12,18.44,1.41,86.14,4.56
311,vestmannaeyjar,46,IS,1589062575,79,63.44,-20.27,37.69,12.01
312,san jeronimo,82,ML,1589062487,23,13.3,-4.9,97.41,5.95
313,gamba,88,GA,1589062576,87,-2.65,10.0,77.16,2.59
314,jennings,75,US,1589062576,27,38.72,-90.26,66.0,4.7
315,churapcha,45,RU,1589062576,90,62.0,132.43,28.98,7.29
316,puerto ayacucho,40,ES,1589062528,82,36.59,-6.23,63.0,11.41
317,lavrentiya,100,RU,1589062576,92,65.58,-171.0,35.15,9.62
318,havre-saint-pierre,75,CA,1589062577,75,50.23,-63.6,41.0,6.93
319,simbahan,62,PH,1589062577,75,6.3,120.58,85.05,9.24
320,eunice,90,US,1589062577,63,30.49,-92.42,66.2,5.82
321,svetlogorsk,92,BY,1589062577,87,52.63,29.73,48.36,4.34
322,coquimbo,40,CL,1589062578,82,-29.95,-71.34,57.2,5.82
323,morondava,0,MG,1589062578,72,-20.28,44.28,74.08,7.76
324,spitsevka,88,RU,1589062578,65,45.12,42.51,46.4,8.95
325,shingu,100,JP,1589062578,98,33.73,135.98,65.55,7.61
326,awbari,0,LY,1589062578,15,26.59,12.78,82.94,11.3
327,pauini,80,BR,1589062579,70,-7.71,-66.98,80.28,1.54
328,gaya,0,IN,1589062579,23,24.78,85.0,83.7,6.82
329,half moon bay,75,LR,1589062579,94,6.38,-10.7,78.8,6.29
330,pompeu,2,BR,1589062579,82,-19.22,-44.94,60.42,4.32
331,lekoni,83,GA,1589062580,71,-1.58,14.26,78.49,0.36
332,bend,1,US,1589061927,18,44.06,-121.32,80.6,12.75
333,jega,2,NG,1589062580,23,12.22,4.38,94.68,2.89
334,saint-leu,20,RE,1589062580,73,-21.15,55.28,69.8,8.05
335,san patricio,82,ML,1589062580,23,13.3,-4.9,97.41,5.95
336,atar,38,MR,1589062581,13,20.52,-13.05,87.75,10.74
337,launceston,4,AU,1589062458,100,-41.45,147.17,39.99,4.7
338,fort-shevchenko,100,KZ,1589062581,74,44.51,50.26,59.0,10.8
339,tumsar,81,IN,1589062582,27,21.38,79.73,85.37,2.57
340,molango,44,MX,1589062582,78,20.78,-98.72,65.84,6.82
341,bosaso,16,SO,1589062582,60,11.28,49.18,86.38,1.19
342,teluk nibung,90,ID,1589062582,78,-6.37,105.83,79.3,1.57
343,gold coast,1,US,1589062583,12,35.79,-81.76,62.6,9.17
344,dukat,100,RU,1589062583,98,62.55,155.55,27.34,9.06
345,kismayo,95,SO,1589062583,86,-0.36,42.55,79.59,12.57
346,paamiut,94,GL,1589062583,66,61.99,-49.67,42.1,4.07
347,sovetskiy,0,RU,1589062584,57,61.36,63.58,58.28,5.01
348,novobiryusinskiy,100,RU,1589062584,75,56.96,97.71,49.87,8.03
349,requena,75,ES,1589062584,94,39.49,-1.1,59.0,1.99
350,sydney,20,AU,1589062384,50,-33.87,151.21,55.0,20.8
351,srostki,0,RU,1589062584,57,52.42,85.7,47.03,6.6
352,mankapur,24,IN,1589062585,26,27.03,82.23,83.93,6.22
353,kaeo,97,NZ,1589062585,3,-35.1,173.78,64.99,1.99
354,taltal,74,CL,1589062585,76,-25.4,-70.48,61.11,3.47
355,beringovskiy,100,RU,1589062585,96,63.05,179.32,33.84,32.66
356,labuhan,95,ID,1589062586,89,-6.88,112.21,75.92,7.99
357,smithers,40,CA,1589062586,19,54.78,-127.17,71.6,13.87
358,asau,52,RO,1589062586,85,46.43,26.4,50.0,3.13
359,awjilah,10,LY,1589062587,22,29.11,21.29,69.13,6.89
360,sigayevo,17,RU,1589062587,47,56.42,53.78,61.0,6.2
361,okato,22,NZ,1589062587,82,-39.2,173.88,54.0,5.99
362,russell,1,US,1589062533,30,32.35,-85.2,68.0,8.05
363,olafsvik,1,IS,1589062588,68,64.89,-23.71,37.94,2.51
364,itarema,5,BR,1589062588,85,-2.92,-39.92,78.26,6.08
365,katangli,0,RU,1589062588,76,51.71,143.23,39.27,6.58
366,wajid,79,SO,1589062588,75,3.81,43.25,79.16,8.16
367,havoysund,71,NO,1589062588,68,71.0,24.66,30.2,13.87
368,port augusta,13,CD,1589062523,66,-7.03,29.76,73.47,4.05
369,kodiak,90,US,1589062589,87,57.79,-152.41,44.6,11.41
370,ratnagiri,0,IN,1589062589,84,16.98,73.3,79.83,7.2
371,margate,57,GB,1589062589,80,51.38,1.39,57.0,11.81
372,dabat,60,ET,1589062589,67,12.98,37.77,61.5,3.78
373,mitsamiouli,62,KM,1589062590,78,-11.38,43.28,81.25,12.77
374,williston,89,US,1589062590,54,48.15,-103.62,46.0,5.99
375,hami,0,CN,1589062590,35,42.8,93.45,54.39,5.55
376,tazovskiy,0,RU,1589062590,98,67.47,78.7,26.91,7.11
377,manjacaze,0,MZ,1589062591,84,-24.71,33.88,63.82,3.78
378,flinders,0,AU,1589062591,60,-34.58,150.86,53.01,5.01
379,apac,100,UG,1589062591,97,1.98,32.54,67.24,4.12
380,morropon,65,PE,1589062591,43,-5.18,-79.97,89.37,10.85
381,maryville,20,US,1589062592,33,35.76,-83.97,61.0,4.7
382,rio gallegos,0,GR,1589062592,82,38.3,21.78,55.4,3.36
383,senanga,0,ZM,1589062592,52,-16.12,23.27,65.16,7.54
384,port lincoln,13,CD,1589062554,66,-7.03,29.76,73.47,4.05
385,grass valley,50,LU,1589062592,62,49.63,5.89,55.0,5.37
386,severnoye,0,RU,1589062593,52,56.35,78.36,59.22,2.08
387,umrala,0,IN,1589062593,60,21.83,71.82,81.25,13.58
388,koumac,0,NC,1589062593,69,-20.57,164.28,74.62,4.09
389,nordby,20,DK,1589062594,81,55.45,8.4,50.0,3.36
390,tura,0,IN,1589062594,43,25.52,90.22,74.05,3.33
391,conakry,93,GN,1589062594,82,9.54,-13.68,81.25,8.97
392,porbandar,0,IN,1589062594,86,21.64,69.61,80.22,8.05
393,nantucket,1,US,1589062595,31,41.28,-70.1,46.4,28.86
394,bellevue,1,US,1589062563,17,47.61,-122.2,86.0,8.05
395,ambulu,94,ID,1589062595,87,-8.35,113.61,76.19,4.63
396,quelimane,40,MZ,1589062596,88,-17.88,36.89,71.6,3.36
397,scarborough,37,GB,1589062449,77,54.28,-0.4,55.0,1.01
398,bria,100,CF,1589062596,79,6.54,21.99,72.95,1.74
399,amapa,75,BR,1589062596,97,1.0,-52.0,75.88,3.47
400,boysun,0,UZ,1589062596,56,38.21,67.2,56.89,1.88
401,opuwo,0,NA,1589062597,39,-18.06,13.84,64.71,7.18
402,houma,1,US,1589062414,55,29.6,-90.72,66.99,12.75
403,pingliang,0,CN,1589062597,49,35.54,106.69,46.04,4.16
404,brindisi,51,IT,1589062597,82,40.58,17.67,66.99,9.4
405,grobbendonk,48,BE,1589062303,48,51.19,4.74,64.99,2.24
406,sitka,75,US,1589062598,32,57.05,-135.33,68.0,10.29
407,lincoln,75,US,1589062598,58,40.8,-96.67,57.2,20.8
408,arlit,34,NE,1589062598,10,18.74,7.39,89.29,7.47
409,hinton,89,CA,1589062598,37,53.4,-117.59,55.63,7.2
410,mount gambier,96,GB,1589062599,80,53.66,-1.85,62.01,1.83
411,constitucion,20,CL,1589062599,92,-35.33,-72.42,56.64,2.35
412,port keats,13,CD,1589062554,66,-7.03,29.76,73.47,4.05
413,oudtshoorn,90,ZA,1589062599,100,-33.59,22.2,53.6,3.36
414,kyaikkami,36,MM,1589062600,77,16.08,97.57,83.55,6.98
415,lisakovsk,100,KZ,1589062600,71,52.54,62.49,60.66,10.51
416,samagaltay,0,RU,1589062600,68,50.6,95.0,36.72,1.95
417,acaponeta,0,MX,1589062600,14,22.5,-105.36,98.71,9.35
418,san jose,82,ML,1589062487,23,13.3,-4.9,97.41,5.95
419,peniche,71,PT,1589062558,79,39.36,-9.38,60.01,8.99
420,barranca,77,PE,1589062601,79,-10.75,-77.77,68.52,9.64
421,leskovac,1,RS,1589062601,66,43.0,21.95,55.4,3.36
422,xiaoweizhai,87,CN,1589062601,90,26.19,107.51,65.52,6.55
423,bjornevatn,80,NO,1589062602,86,69.67,29.98,30.2,4.7
424,victor harbor,100,US,1589062579,56,42.98,-77.41,42.01,3.0
425,saint-michel-des-saints,100,CA,1589062428,4,46.68,-73.92,42.01,1.99
426,atasu,91,KZ,1589062602,78,48.68,71.64,57.56,7.27
427,grafton,75,US,1589062603,44,42.21,-71.69,42.01,18.34
428,banswara,0,IN,1589062603,37,23.55,74.45,82.44,6.82
429,maltahohe,0,NA,1589062603,28,-24.83,16.98,64.11,8.93
430,pachino,100,IT,1589062603,86,36.72,15.09,59.0,4.0
431,abaza,0,RU,1589062603,69,52.66,90.09,41.13,2.42
432,olmos,52,PE,1589062604,50,-5.98,-79.75,84.2,10.25
433,rudbar,9,AF,1589062604,14,30.15,62.6,84.43,8.75
434,miguel hidalgo,48,BR,1589062604,71,-5.01,-38.7,75.29,2.8
435,goderich,53,CA,1589062604,70,43.75,-81.72,39.99,6.71
436,ulladulla,0,AU,1589062605,57,-35.35,150.47,50.0,13.87
437,sur,0,OM,1589062605,40,22.57,59.53,85.32,6.4
438,baykit,82,RU,1589062605,73,61.67,96.37,51.84,10.58
439,bud,1,US,1589062606,32,39.45,-86.18,54.0,5.82
440,olga,100,RU,1589062606,95,43.74,135.29,48.69,2.08
441,shatrovo,74,RU,1589062606,43,56.52,64.63,59.47,7.87
442,paramonga,77,PE,1589062606,78,-10.67,-77.83,69.21,10.02
443,porto novo,40,PT,1589062341,93,41.15,-8.61,55.4,5.82
444,chabahar,11,IR,1589062607,66,25.29,60.64,82.71,5.5
445,lynn haven,75,US,1589062607,38,42.47,-70.95,43.0,20.8
446,vallenar,0,CL,1589062608,56,-28.57,-70.76,65.35,2.73
447,yatou,100,CN,1589062608,94,37.15,122.38,54.77,6.17
448,ariquemes,7,BR,1589062608,84,-9.91,-63.04,77.41,2.33
449,wanaka,93,NZ,1589062394,83,-44.7,169.15,50.0,3.24
450,kulhudhuffushi,100,MV,1589062608,77,6.62,73.07,82.71,5.35
451,puerto leguizamo,40,ES,1589062528,82,36.59,-6.23,63.0,11.41
452,yanam,1,IN,1589062609,89,16.73,82.22,80.38,2.26
453,roald,98,NO,1589062609,69,62.58,6.13,37.99,13.87
454,victoria point,73,HK,1589062452,83,22.29,114.16,82.0,6.13
455,sept-iles,75,CA,1589062354,76,50.2,-66.38,43.0,8.05
456,bende,100,NG,1589062610,93,5.56,7.64,77.45,4.09
457,matlock,100,GB,1589062610,33,53.14,-1.56,61.0,1.12
458,eucaliptus,20,BO,1589062610,37,-17.58,-67.52,55.78,0.74
459,sayhat,40,SA,1589062611,26,26.49,50.04,84.2,4.7
460,ilhabela,0,BR,1589062611,74,-23.78,-45.36,67.86,9.04
461,axim,3,GH,1589062566,88,4.87,-2.24,81.14,8.19
462,inhambane,13,MZ,1589062611,85,-23.86,35.38,68.86,10.6
463,nhulunbuy,25,AU,1589062612,83,-12.23,136.77,77.0,3.36
464,igreja nova,98,CV,1589062612,78,15.03,-24.33,70.77,13.13
465,vilhena,99,BR,1589062549,78,-12.74,-60.15,77.0,4.7
466,shubarshi,69,KZ,1589062613,68,48.59,57.19,59.76,3.44
467,dwarka,0,IN,1589062613,84,22.24,68.97,81.46,12.12
468,merauke,1,ID,1589062613,85,-8.47,140.33,80.19,13.65
469,siteki,6,SZ,1589062613,93,-26.45,31.95,59.0,1.63
470,san andres,82,ML,1589062580,23,13.3,-4.9,97.41,5.95
471,songling,100,CN,1589062614,82,31.19,120.72,66.0,4.27
472,safaga,0,EG,1589062614,33,26.73,33.94,75.2,3.36
473,adrar,0,MR,1589062614,11,20.5,-10.07,91.67,12.59
474,saint-joseph,20,RE,1589062614,73,-21.37,55.62,69.8,8.05
475,avenal,40,US,1589062614,12,36.0,-120.13,98.6,8.05
476,naranjal,75,EC,1589062615,62,-2.67,-79.62,89.6,5.82
477,bumba,100,CD,1589062563,96,2.18,22.47,71.15,1.1
478,kitgum,100,UG,1589062615,93,3.28,32.89,67.91,0.76
479,melfi,40,IT,1589062616,87,41.0,15.65,60.8,1.12
480,kiama,0,AU,1589062616,59,-34.68,150.87,53.01,11.99
481,yagodnoye,100,RU,1589062616,95,62.55,149.67,28.08,7.11
482,sumbe,100,AO,1589062616,76,-11.21,13.84,78.93,4.59
483,port hardy,13,CD,1589062523,66,-7.03,29.76,73.47,4.05
484,barra patuca,56,BR,1589062617,64,-11.09,-43.14,77.11,9.86
485,borovichi,23,RU,1589062617,71,58.39,33.92,42.55,6.26
486,bima,98,ID,1589062617,88,-8.47,118.72,73.74,3.36
487,naze,75,JP,1589062617,94,28.37,129.48,73.4,10.29
488,hit,7,IQ,1589062618,40,33.64,42.83,74.26,18.77
489,pringsewu,98,ID,1589062618,93,-5.36,104.97,74.61,2.59
490,sangar,81,RU,1589062618,95,63.92,127.47,22.6,5.91
491,vega de alatorre,1,US,1589062618,23,35.24,-102.43,75.99,3.36
492,duluth,90,US,1589062618,64,46.78,-92.11,44.01,10.29
493,mount isa,96,GB,1589062619,80,53.66,-1.85,62.01,1.83
494,yenagoa,48,NG,1589062619,91,4.92,6.26,79.11,4.12
495,carutapera,78,BR,1589062619,91,-1.2,-46.02,77.14,5.61
496,svarstad,81,NO,1589062619,81,59.4,9.97,50.0,3.06
497,garachine,90,PA,1589062620,80,8.06,-78.36,83.52,6.08
498,berlevag,97,NO,1589062620,90,70.86,29.09,31.19,5.77
499,hammerfest,94,NO,1589062620,87,70.66,23.68,32.0,13.87
500,miraflores,75,MX,1589062620,46,19.22,-98.81,71.6,11.41
501,tevaitoa,1,PF,1589062620,77,-16.78,-151.5,81.81,17.76
502,lata,35,PT,1589062621,91,40.16,-8.33,55.99,1.99
503,suez,1,EG,1589062621,61,29.97,32.53,68.11,10.89
504,zhuhai,40,CN,1589062621,94,22.28,113.57,82.4,9.17
505,chateau-gontier,51,FR,1589062621,93,47.83,-0.7,62.6,2.24
506,ternate,49,ID,1589062622,76,0.8,127.4,82.69,4.16
507,riverton,1,US,1589062622,28,40.52,-111.94,73.99,9.17
508,basoko,88,CD,1589062622,92,1.24,23.62,73.11,2.46
509,faya,0,SA,1589062622,77,18.39,42.45,68.0,1.32
510,pacific grove,57,US,1589062513,30,38.48,-90.74,66.0,4.14
511,askiz,0,RU,1589062623,57,53.13,90.53,45.79,1.23
512,kabul,0,AF,1589062623,48,34.5,69.42,60.8,3.36
513,teguldet,89,RU,1589062623,83,57.31,88.17,54.73,4.72
514,matara,100,LK,1589062623,89,5.95,80.54,80.01,4.7
515,samana,40,DO,1589062623,70,19.21,-69.34,87.8,9.17
516,chambersburg,99,US,1589062624,41,39.94,-77.66,43.0,5.99
517,farafangana,37,MG,1589062624,82,-22.82,47.83,67.6,4.59
518,neiafu,75,TO,1589062624,79,-18.65,-173.98,84.2,9.17
519,finschhafen,100,PG,1589062624,80,-6.6,147.87,80.91,7.99
520,aiquile,0,BO,1589062625,55,-18.2,-65.18,63.19,3.87
521,sabang,100,ID,1589062625,87,5.89,95.32,79.16,12.62
522,pamekasan,100,ID,1589062625,80,-7.16,113.47,77.23,5.48
523,eisiskes,94,LT,1589062625,75,54.17,25.0,46.4,4.92
524,kortkeros,90,RU,1589062625,100,61.81,51.58,44.6,2.24
525,sulangan,100,PH,1589062626,80,11.14,123.72,83.46,9.33
526,turukhansk,100,RU,1589062626,92,65.82,87.98,32.59,6.46
527,sao jose da coroa grande,13,IN,1589062626,29,20.51,76.21,81.12,8.25
528,sembe,100,CG,1589062626,95,1.65,14.58,70.66,2.84
529,oranjemund,0,NA,1589062626,44,-28.55,16.43,68.0,4.83
530,shenjiamen,100,CN,1589062627,96,29.96,122.3,62.22,8.23
531,makakilo city,40,US,1589062627,57,21.35,-158.09,82.4,10.29
532,jipijapa,20,EC,1589062627,62,-1.33,-80.58,84.2,13.87
533,richards bay,75,US,1589062627,98,46.84,-95.91,37.4,17.22
534,ballina,0,AU,1589062628,93,-28.87,153.57,63.0,5.82
535,oranjestad,20,AW,1589062604,70,12.52,-70.03,84.2,31.09
536,oksbol,19,DK,1589062383,81,55.63,8.29,50.0,3.36
537,callaway,40,US,1589062628,22,30.15,-85.57,78.8,8.05
538,ahipara,98,NZ,1589062628,70,-35.17,173.17,61.99,5.5
539,bolu,10,TR,1589062508,74,40.67,31.58,43.79,1.88
540,cordoba,0,AR,1589062534,27,-31.41,-64.18,77.0,4.7
541,ojinaga,1,MX,1589062629,18,29.57,-104.42,87.8,6.93
542,lobito,97,AO,1589062629,76,-12.35,13.55,78.28,1.57
543,cootamundra,0,AU,1589062629,96,-34.65,148.03,39.99,1.99
544,lorengau,15,PG,1589062630,73,-2.02,147.27,85.03,8.12
545,bonga,100,ET,1589062630,90,7.28,36.23,60.6,1.14
